{
  "timestamp": "2026-03-27T01:26:33.056901",
  "signal_stats": {
    "rest_days": {
      "total": 3313,
      "correct": 1645,
      "over_total": 2678,
      "over_correct": 1320,
      "under_total": 635,
      "under_correct": 325,
      "hit_rate": 0.49652882583760943,
      "over_rate": 0.49290515309932786,
      "under_rate": 0.5118110236220472,
      "avg_adj": 0.14131874434047692
    },
    "minutes_projection": {
      "total": 3675,
      "correct": 1985,
      "over_total": 2534,
      "over_correct": 1361,
      "under_total": 1141,
      "under_correct": 624,
      "hit_rate": 0.5401360544217687,
      "over_rate": 0.5370955011838989,
      "under_rate": 0.5468886941279579,
      "avg_adj": 0.9767602615665045
    },
    "recent_form": {
      "total": 3941,
      "correct": 2518,
      "over_total": 2528,
      "over_correct": 1566,
      "under_total": 1413,
      "under_correct": 952,
      "hit_rate": 0.6389241309312357,
      "over_rate": 0.6194620253164557,
      "under_rate": 0.6737438075017693,
      "avg_adj": 1.5548845470692718
    },
    "home_away": {
      "total": 2994,
      "correct": 1473,
      "over_total": 1412,
      "over_correct": 705,
      "under_total": 1582,
      "under_correct": 768,
      "hit_rate": 0.49198396793587174,
      "over_rate": 0.4992917847025496,
      "under_rate": 0.4854614412136536,
      "avg_adj": -0.0439879759519038
    },
    "positional_defense": {
      "total": 3820,
      "correct": 2029,
      "over_total": 1592,
      "over_correct": 858,
      "under_total": 2228,
      "under_correct": 1171,
      "hit_rate": 0.5311518324607329,
      "over_rate": 0.5389447236180904,
      "under_rate": 0.5255834829443446,
      "avg_adj": -0.10017483820326328
    },
    "line_movement": {
      "total": 1346,
      "correct": 750,
      "over_total": 784,
      "over_correct": 423,
      "under_total": 562,
      "under_correct": 327,
      "hit_rate": 0.5572065378900446,
      "over_rate": 0.5395408163265306,
      "under_rate": 0.5818505338078291,
      "avg_adj": 0.09907132243684992
    },
    "b2b": {
      "total": 2072,
      "correct": 1026,
      "over_total": 0,
      "over_correct": 0,
      "under_total": 2072,
      "under_correct": 1026,
      "hit_rate": 0.4951737451737452,
      "over_rate": 0.0,
      "under_rate": 0.4951737451737452,
      "avg_adj": -0.23783687258687258
    },
    "defense": {
      "total": 4013,
      "correct": 2305,
      "over_total": 2545,
      "over_correct": 1423,
      "under_total": 1468,
      "under_correct": 882,
      "hit_rate": 0.5743832544231249,
      "over_rate": 0.5591355599214145,
      "under_rate": 0.6008174386920981,
      "avg_adj": 0.20816346872663846
    },
    "clv_tracker": {
      "total": 3102,
      "correct": 1644,
      "over_total": 1246,
      "over_correct": 678,
      "under_total": 1856,
      "under_correct": 966,
      "hit_rate": 0.5299806576402321,
      "over_rate": 0.5441412520064205,
      "under_rate": 0.5204741379310345,
      "avg_adj": -0.16055843030588388
    },
    "matchup_history": {
      "total": 1187,
      "correct": 1066,
      "over_total": 654,
      "over_correct": 576,
      "under_total": 533,
      "under_correct": 490,
      "hit_rate": 0.8980623420387531,
      "over_rate": 0.8807339449541285,
      "under_rate": 0.9193245778611632,
      "avg_adj": 0.3530749789385004
    },
    "blowout_risk": {
      "total": 1031,
      "correct": 497,
      "over_total": 0,
      "over_correct": 0,
      "under_total": 1031,
      "under_correct": 497,
      "hit_rate": 0.48205625606207564,
      "over_rate": 0.0,
      "under_rate": 0.48205625606207564,
      "avg_adj": -0.48501842870999035
    },
    "fatigue": {
      "total": 464,
      "correct": 182,
      "over_total": 0,
      "over_correct": 0,
      "under_total": 464,
      "under_correct": 182,
      "hit_rate": 0.3922413793103448,
      "over_rate": 0.0,
      "under_rate": 0.3922413793103448,
      "avg_adj": -0.505898275862069
    }
  },
  "optimized_weights": {
    "rest_days": 0.0276,
    "minutes_projection": 0.0705,
    "recent_form": 0.2428,
    "home_away": 0.0153,
    "positional_defense": 0.1745,
    "fatigue": 0.0477,
    "line_movement": 0.1572,
    "b2b": 0.0146,
    "matchup_history": 0.9931,
    "defense": 0.0148,
    "clv_tracker": 0.168,
    "blowout_risk": 0.0006,
    "pace": 0.0,
    "injury_alpha": 0.0,
    "referee": 0.0,
    "referee_impact": 0.0,
    "usage_redistribution": 0.0,
    "defender_matchup": 0.0
  },
  "verification": {
    "old_accuracy": 0.6095810705973623,
    "new_accuracy": 0.6971107232887338,
    "old_games": 5156,
    "new_games": 5157,
    "improvement": 0.08752965269137147,
    "improvement_pct": 14.358984704954224
  },
  "optimized_accuracy": 0.6971107232887338,
  "baseline_accuracy": 0.6280783401202249
}